﻿{
  "IsEncrypted": false,
  "Values": {
    "AzureWebJobsStorage": "UseDevelopmentStorage=true",
    "FUNCTIONS_WORKER_RUNTIME": "dotnet",

    // **********************************************************************
    // *************************** SETTINGS *********************************
    // **********************************************************************

    "Settings__StoreWebAPIEndPoint": "https://dev-api.segrocers.com/storeservice/v1/",
    "Settings__LoyaltyEndPoint": "https://dev-api.segrocers.com/loyaltyservices-onprem/v1/",
    "Settings__StorageConnectionString": "DefaultEndpointsProtocol=https;AccountName=appnonprod;AccountKey=Shgo8QkssY0SlrZy54XiJliu5mM1EeZzZYWw1wI/IXVmEEzoxrlOAqPEcBnanCgJ7E/dTaAbYTN2neORmT0BWQ==",
    "Settings__LoyaltyConnection": "Server=tcp:tablestorageexport.database.windows.net,1433;Database=Loyalty;User ID=tablestorageadmin@tablestorageexport;Password=Admin123!;Encrypt=True;TrustServerCertificate=False;Connection Timeout=30;",
    "Settings__EncryptedSalt": "bvMzqPtx964SwbuSQPTw5aDF3SANgKUkLJA/3WBUhrM0SNK2wOK1i55b72IfX0lH",


    // **********************************************************************
    // *************************** Salesforce *******************************
    // **********************************************************************


    "SalesForce__HarveysPetClubEventDefinitionKey": "APIEvent-907e200e-9ed9-7c20-cbfb-dd479eb6c442",
    "SalesForce__WDPetClubEventDefinitionKey": "APIEvent-907e200e-9ed9-7c20-cbfb-dd479eb6c442",
    "SalesForce__FrescoPetClubEventDefinitionKey": "APIEvent-907e200e-9ed9-7c20-cbfb-dd479eb6c442",

    "SalesForce__WDEventDefinitionKey": "APIEvent-f72794b1-ed89-97af-6cf3-3f22c3431a43",
    "SalesForce__HarveysEventDefinitionKey": "APIEvent-f72794b1-ed89-97af-6cf3-3f22c3431a43",
    "SalesForce__FrescoEventDefinitionKey": "APIEvent-d670073e-f445-9cfd-5592-9d543437eca8",

    "SalesForce__WDBabyClubEventDefinitionKey": "APIEvent-c56faae5-9a77-df29-808a-5a6e1ceb7289",
    "SalesForce__HarveysBabyClubEventDefinitionKey": "APIEvent-c56faae5-9a77-df29-808a-5a6e1ceb7289",
    "SalesForce__FrescoBabyClubEventDefinitionKey": "APIEvent-98ee1274-8c8d-ec7c-7e3b-83633fec3b07",

    "SalesForce__WDEcommEventDefinitionKey": "APIEvent-c87dbcf9-44d8-f3ee-dd1f-4b3550559b09",
    "SalesForce__HarveysEcommEventDefinitionKey": "APIEvent-c87dbcf9-44d8-f3ee-dd1f-4b3550559b09",
    "SalesForce__FrescoEcommEventDefinitionKey": "APIEvent-c87dbcf9-44d8-f3ee-dd1f-4b3550559b09",


    "SalesForce__MailAddressFrom": "meenamadhuri@segrocers.com",
    "SalesForce__MailAddressTo": "meenamadhuri@segrocers.com",
    "SalesForce__MailAddressCC": "SrinathNanduri@segrocers.com",
    "SalesForce__RetryCount": "3",
    "SalesForce__RetryWait": "2",


    "SalesForce__SalesForceAPIEndPoint": "https://segdevloyaltysvcs.azurewebsites.net/api/SalesForce/",
    "SalesForce__SalesForceAPIMAuthEndPoint": "https://dev-api.segrocers.com/sfmcauthservice/",
    "SalesForce__SalesForceAPIMBaseEndPoint": "https://dev-api.segrocers.com/sfmcservice/",

    "SalesForce__SEG_Key": "SEG_All_Cust_Data_QA",
    "SalesForce__SEG_Key_BabyClub": "SEG_Cust_Baby_Child_QA",
    "SalesForce__SEG_Key_PetClub": "SEG_Cust_Pet_Club_QA",

    "SalesForce__SEG_Key_CustomerPreferences": "QA_SEG_All_Cust_My_Account_Preferences",
    "SalesForce__SEG_Key_Staging": "SEG_All_Cust_Data_STAGING",
    "SalesForce__SEG_Key_Product_Survey": "Own_Brand_Survey_Responses_QA",
    "SEG_AccountID": "100018181",

    "SalesForce__SEG_ClientID": "0yua73njn9z82zvi158d73th",
    "SalesForce__SEG_ClientSecret": "efb4ZlZdgjQbcnwfgSijz9uE",

    "SEG_ClientID_delete": "gejv7o8s0te5e1duhlzrq6go",
    "SEG_ClientSecret_delete": "XU9Qmba6EMDcLAIGwN6lbHt5",

    "SalesForce__ocpApimSubscriptionKey": "c2bdb0112e534ba090f48a179f311f7f",
    "SalesForce__redisConnectionString": "Redis-SFMC-Cache-Dev.redis.cache.windows.net:6380,password=zdRIbodB+ukQ49AXQ1qHubSWJVsMyTzvBxN3CJK502c=,ssl=True,abortConnect=False",

    "SEG_AccountID_SMS": "100011296",
    "SalesForce__SEG_ClientID_SMS": "gejv7o8s0te5e1duhlzrq6go",
    "SalesForce__SEG_ClientSecret_SMS": "XU9Qmba6EMDcLAIGwN6lbHt5",
    "SalesForce__KeywordRESETPW": "NTo3ODow",
    "SalesForce__KeywordAUTHORIZATIONCODE": "Njo3ODow",

    "SEG_AccountID_POS": "100011296",
    "SEG_ClientID_POS": "gejv7o8s0te5e1duhlzrq6go",
    "SEG_ClientSecret_POS": "XU9Qmba6EMDcLAIGwN6lbHt5",

    "WinnDixie_AccountID": "100016758",
    "SalesForce__WinnDixie_ClientID": "24agyi6bbq45trm8i63co0ye",
    "SalesForce__WinnDixie_ClientSecret": "qDxL1tRf4Oe1USBJJDxG9oKk",

    "Harveys_AccountID": "100016757",
    "SalesForce__Harveys_ClientID": "948l9la4hza7ngj9oyu6oxpv",
    "SalesForce__Harveys_ClientSecret": "0JVOEPtbmbrExzvA6k5hp7a0",

    "Bilo_AccountID": "100016934",
    "Bilo_ClientID": "s95lc3mng5wlj21t2ojsuy6t",
    "Bilo_ClientSecret": "CB2r0JjLM8xGfPtaEW3bm7uK",

    "Fresco_AccountID": "100016759",
    "SalesForce__Fresco_ClientID": "n52o1cyhl34t1e8jgwq6on9u",
    "SalesForce__Fresco_ClientSecret": "4zYEfRnLy2vGOiCpMLajqXBS",

    "CacheConnectionString": "segredisnonprod.redis.cache.windows.net:6380,password=/WvBmq7XUrO3L+vDW46R0XL21Ht39PqLss9RIIh6F0Q=,ssl=True,abortConnect=False"
  }
}
