<?xml version="1.0" encoding="UTF-8"?>
<con:resource name="GetListStarters" path="/Starters/GetListStarters" id="dc5d86d8-cc87-4863-b4b3-409d0dddd8ce" xmlns:xsi="http://www.w3.org/2001/XMLSchema-instance" xmlns:con="http://eviware.com/soapui/config">
  <con:settings>
    <con:setting id="dc5d86d8-cc87-4863-b4b3-409d0dddd8cefileName">GetListStarters</con:setting>
  </con:settings>
  <con:parameters/>
  <con:method name="GetListStarters" id="b327a2ab-572f-46d6-8040-0a1029a90444" method="POST">
    <con:settings/>
    <con:parameters/>
    <con:representation type="REQUEST">
      <con:mediaType>application/json</con:mediaType>
      <con:params/>
    </con:representation>
    <con:representation type="FAULT">
      <con:mediaType>application/json</con:mediaType>
      <con:status>404</con:status>
      <con:params/>
      <con:element xmlns:get="https://qa-api.segrocers.com/Func-ListStarter-apis/Starters/GetListStarterProducts">get:Fault</con:element>
    </con:representation>
    <con:representation type="RESPONSE">
      <con:mediaType>application/json; charset=utf-8</con:mediaType>
      <con:status>200</con:status>
      <con:params/>
      <con:element xmlns:get="https://qa-api.segrocers.com/Func-ListStarter-apis/Starters/GetListStarterProducts">get:Response</con:element>
    </con:representation>
    <con:request name="GetListStarters" id="6882e9fc-b366-4a15-86ec-ddfb4338a5e0" mediaType="application/json" postQueryString="false">
      <con:settings>
        <con:setting id="com.eviware.soapui.impl.wsdl.WsdlRequest@request-headers">&lt;entry key="Ocp-Apim-Subscription-Key" value="${#Project#key}" xmlns="http://eviware.com/soapui/config"/></con:setting>
      </con:settings>
      <con:endpoint>https://qa-api.segrocers.com</con:endpoint>
      <con:request>{\r
    "PaginationLimit":0,\r
    "PaginationOffset":0,\r
    "BannerID": 1\r
}\r</con:request>
      <con:originalUri>https://qa-api.segrocers.com/Func-ListStarter-apis/Starters/GetListStarterProducts</con:originalUri>
      <con:credentials>
        <con:selectedAuthProfile>No Authorization</con:selectedAuthProfile>
        <con:authType>No Authorization</con:authType>
      </con:credentials>
      <con:jmsConfig JMSDeliveryMode="PERSISTENT"/>
      <con:parameters/>
      <con:parameterOrder/>
      <con:environmentSpec>
        <con:entry environmentId="9136d2f6-fe31-4d6b-9559-bc1799f0db03">
          <con:authProfile>Inherit From Parent</con:authProfile>
        </con:entry>
        <con:entry environmentId="b886b2c6-d71d-47e2-8a2f-3dd34e056f20">
          <con:authProfile>Inherit From Parent</con:authProfile>
        </con:entry>
      </con:environmentSpec>
    </con:request>
    <con:environmentSpec>
      <con:entry environmentId="9136d2f6-fe31-4d6b-9559-bc1799f0db03">
        <con:authProfile>Inherit From Parent</con:authProfile>
      </con:entry>
      <con:entry environmentId="b886b2c6-d71d-47e2-8a2f-3dd34e056f20">
        <con:authProfile>Inherit From Parent</con:authProfile>
      </con:entry>
    </con:environmentSpec>
  </con:method>
  <con:environmentSpec>
    <con:entry environmentId="9136d2f6-fe31-4d6b-9559-bc1799f0db03">
      <con:authProfile>Inherit From Parent</con:authProfile>
    </con:entry>
    <con:entry environmentId="b886b2c6-d71d-47e2-8a2f-3dd34e056f20">
      <con:authProfile>Inherit From Parent</con:authProfile>
    </con:entry>
  </con:environmentSpec>
</con:resource>
