<?xml version="1.0" encoding="UTF-8"?>
<con:resource name="GetListStarterProducts 2" path="/Starters/GetListStarterProducts" id="2c498328-624a-49cd-a1b4-5e1037400f49" xmlns:xsi="http://www.w3.org/2001/XMLSchema-instance" xmlns:con="http://eviware.com/soapui/config">
  <con:settings>
    <con:setting id="dc5d86d8-cc87-4863-b4b3-409d0dddd8cefileName">GetListStarterProducts</con:setting>
    <con:setting id="2c498328-624a-49cd-a1b4-5e1037400f49fileName">GetListStarterProducts-2</con:setting>
  </con:settings>
  <con:parameters/>
  <con:method name="GetListStarterProducts 2" id="68759f8f-ab87-4ca7-bf97-2ba448ee04b8" method="GET">
    <con:settings/>
    <con:parameters>
      <con:parameter required="true">
        <con:name>listStarterID</con:name>
        <con:value>0d86341b-81ec-4d7d-bcc1-9017f3572336</con:value>
        <con:style>QUERY</con:style>
        <con:default>0d86341b-81ec-4d7d-bcc1-9017f3572336</con:default>
        <con:path xsi:nil="true"/>
        <con:description xsi:nil="true"/>
      </con:parameter>
    </con:parameters>
    <con:representation type="FAULT">
      <con:mediaType>application/json</con:mediaType>
      <con:status>401 404</con:status>
      <con:params/>
      <con:element xmlns:get="https://qa-api.segrocers.com/Func-ListStarter-apis/Starters/GetListStarterProducts">get:Fault</con:element>
    </con:representation>
    <con:representation type="RESPONSE">
      <con:mediaType>application/json; charset=utf-8</con:mediaType>
      <con:status>200</con:status>
      <con:params/>
      <con:element>Response</con:element>
    </con:representation>
    <con:request name="GetListStarterProducts" id="715645b4-db8d-4b03-bf7f-042d7a2ed796" mediaType="application/json">
      <con:settings>
        <con:setting id="com.eviware.soapui.impl.wsdl.WsdlRequest@request-headers">&lt;entry key="Ocp-Apim-Subscription-Key" value="8d29033226504381ab42dc465fc477ff" xmlns="http://eviware.com/soapui/config"/></con:setting>
      </con:settings>
      <con:endpoint>https://qa-api.segrocers.com</con:endpoint>
      <con:request/>
      <con:originalUri>https://qa-api.segrocers.com/Func-ListStarter-apis/Starters/GetListStarterProducts</con:originalUri>
      <con:credentials>
        <con:selectedAuthProfile>No Authorization</con:selectedAuthProfile>
        <con:authType>No Authorization</con:authType>
      </con:credentials>
      <con:jmsConfig JMSDeliveryMode="PERSISTENT"/>
      <con:parameters>
        <con:entry key="listStarterID" value="0D86341B-81EC-4D7D-BCC1-9017F3572336"/>
      </con:parameters>
      <con:parameterOrder>
        <con:entry>listStarterID</con:entry>
      </con:parameterOrder>
      <con:environmentSpec>
        <con:entry environmentId="9136d2f6-fe31-4d6b-9559-bc1799f0db03">
          <con:authProfile>Inherit From Parent</con:authProfile>
        </con:entry>
        <con:entry environmentId="b886b2c6-d71d-47e2-8a2f-3dd34e056f20">
          <con:authProfile>Inherit From Parent</con:authProfile>
        </con:entry>
      </con:environmentSpec>
    </con:request>
    <con:environmentSpec>
      <con:entry environmentId="9136d2f6-fe31-4d6b-9559-bc1799f0db03">
        <con:authProfile>Inherit From Parent</con:authProfile>
      </con:entry>
      <con:entry environmentId="b886b2c6-d71d-47e2-8a2f-3dd34e056f20">
        <con:authProfile>Inherit From Parent</con:authProfile>
      </con:entry>
    </con:environmentSpec>
  </con:method>
  <con:environmentSpec>
    <con:entry environmentId="9136d2f6-fe31-4d6b-9559-bc1799f0db03">
      <con:authProfile>Inherit From Parent</con:authProfile>
    </con:entry>
    <con:entry environmentId="b886b2c6-d71d-47e2-8a2f-3dd34e056f20">
      <con:authProfile>Inherit From Parent</con:authProfile>
    </con:entry>
  </con:environmentSpec>
</con:resource>
