<?xml version="1.0" encoding="UTF-8"?>
<con:resource name="SaveListStarters" path="/Starters/SaveListStarters" id="1c93d310-8271-4f26-b66d-c993bcd153a7" xmlns:xsi="http://www.w3.org/2001/XMLSchema-instance" xmlns:con="http://eviware.com/soapui/config">
  <con:settings>
    <con:setting id="9b891613-00b8-4bcb-bbc2-2b7a78d08726fileName">SaveListStarters</con:setting>
    <con:setting id="1c93d310-8271-4f26-b66d-c993bcd153a7fileName">SaveListStarters</con:setting>
  </con:settings>
  <con:parameters/>
  <con:method name="SaveListStarters" id="9d19a675-c3ff-49f0-afc7-b7423fe694e0" method="POST">
    <con:settings/>
    <con:parameters/>
    <con:representation type="RESPONSE">
      <con:mediaType>application/json; charset=utf-8</con:mediaType>
      <con:status>200</con:status>
      <con:params/>
      <con:element>Response</con:element>
    </con:representation>
    <con:representation type="REQUEST">
      <con:mediaType>application/json</con:mediaType>
      <con:params/>
    </con:representation>
    <con:representation type="FAULT">
      <con:mediaType>application/json; charset=utf-8</con:mediaType>
      <con:status>500</con:status>
      <con:params/>
      <con:element xmlns:sav="https://func-liststarter-apis-qa.azurewebsites.net/api/Starters/SaveListStarters">sav:Fault</con:element>
    </con:representation>
    <con:representation type="FAULT">
      <con:mediaType>application/json</con:mediaType>
      <con:status>404</con:status>
      <con:params/>
      <con:element xmlns:sav="https://func-liststarter-apis-qa.azurewebsites.net/api/Starters/SaveListStarters">sav:Fault</con:element>
    </con:representation>
    <con:request name="SaveListStarters" id="0d00ea9a-1afd-4f5c-a696-3751c25f7b01" mediaType="application/json" postQueryString="false">
      <con:settings>
        <con:setting id="com.eviware.soapui.impl.wsdl.WsdlRequest@request-headers">&lt;xml-fragment/></con:setting>
      </con:settings>
      <con:endpoint>https://func-liststarter-apis-qa.azurewebsites.net</con:endpoint>
      <con:request>[\r
  {\r
    "listStarterID": "c733c134-c764-44c8-8970-e2fcd2a2a703",\r
    "ListStarterTitle": "Taco Tuesday",\r
    "ListStarterSpanishTitle": "Martes de tacos",\r
    "ListStarterSubTitle": "Fill your Tuesday with tacos &amp; smiles!",\r
    "ListStarterSpanishSubTitle": "¡Llena tu martes de tacos y sonrisas!",\r
    "ListStarterDescription": "Head to the store now to grab all the fixin's needed for a declicious Tuesday! ",\r
    "ListStarterSpanishDescription": "¡Dirígete a la tienda ahora para tomar todas las dosis necesarias para un martes decisivo!",\r
    "IsCarouselDisplay": true,\r
    "isActive": true\r
  },\r
  {\r
    "listStarterID": "47c02e1c-e399-446f-ac97-b026cf8ef1f0",\r
    "ListStarterTitle": "Big Game Sunday",\r
    "ListStarterSpanishTitle": "Domingo de Gran Juego",\r
    "ListStarterSubTitle": "Our list will be a touchdown with your friends!",\r
    "ListStarterSpanishSubTitle": "¡Nuestra lista será un touchdown con tus amigos!",\r
    "ListStarterDescription": "Get ready to score some points with this epic shopping list filled with everything you need to cheer on the home team!",\r
    "ListStarterSpanishDescription": "¡Prepárate para sumar algunos puntos con esta lista de compras épica llena de todo lo que necesitas para animar al equipo local!",\r
    "IsCarouselDisplay": true,\r
    "isActive": true\r
  }\r
  ,\r
  {\r
    "listStarterID": "0d86341b-81ec-4d7d-bcc1-9017f3572336",\r
    "ListStarterTitle": "Picnic in the Park",\r
    "ListStarterSpanishTitle": "Picnic en el Parque",\r
    "ListStarterSubTitle": "Summer Deals means Summer Activities!",\r
    "ListStarterSpanishSubTitle": "¡Ofertas de verano significa actividades de verano!",\r
    "ListStarterDescription": "We made this list just for you! Even Yogi will be jealous of your picinic basket!",\r
    "ListStarterSpanishDescription": "¡Hicimos esta lista solo para ti! ¡Incluso Yogi estará celoso de tu canasta de picnic!",\r
    "IsCarouselDisplay": true,\r
    "isActive": true\r
  }\r
]</con:request>
      <con:originalUri>https://func-liststarter-apis-qa.azurewebsites.net/api/Starters/SaveListStarters</con:originalUri>
      <con:credentials>
        <con:selectedAuthProfile>No Authorization</con:selectedAuthProfile>
        <con:authType>No Authorization</con:authType>
      </con:credentials>
      <con:jmsConfig JMSDeliveryMode="PERSISTENT"/>
      <con:parameters/>
      <con:environmentSpec>
        <con:entry environmentId="9136d2f6-fe31-4d6b-9559-bc1799f0db03">
          <con:authProfile>Inherit From Parent</con:authProfile>
        </con:entry>
        <con:entry environmentId="b886b2c6-d71d-47e2-8a2f-3dd34e056f20">
          <con:authProfile>Inherit From Parent</con:authProfile>
        </con:entry>
      </con:environmentSpec>
    </con:request>
    <con:environmentSpec>
      <con:entry environmentId="9136d2f6-fe31-4d6b-9559-bc1799f0db03">
        <con:authProfile>Inherit From Parent</con:authProfile>
      </con:entry>
      <con:entry environmentId="b886b2c6-d71d-47e2-8a2f-3dd34e056f20">
        <con:authProfile>Inherit From Parent</con:authProfile>
      </con:entry>
    </con:environmentSpec>
  </con:method>
  <con:environmentSpec>
    <con:entry environmentId="9136d2f6-fe31-4d6b-9559-bc1799f0db03">
      <con:authProfile>Inherit From Parent</con:authProfile>
    </con:entry>
    <con:entry environmentId="b886b2c6-d71d-47e2-8a2f-3dd34e056f20">
      <con:authProfile>Inherit From Parent</con:authProfile>
    </con:entry>
  </con:environmentSpec>
</con:resource>
