<?xml version="1.0" encoding="UTF-8"?>
<con:resource name="SaveListStarterImages" path="/Starters/SaveListStarterImages" id="f95e8bf6-8caa-4911-a44a-56be7e676fd8" xmlns:xsi="http://www.w3.org/2001/XMLSchema-instance" xmlns:con="http://eviware.com/soapui/config">
  <con:settings>
    <con:setting id="4a76f9ca-da10-4df8-8d43-2e44c94053aefileName">SaveListStarterImages</con:setting>
    <con:setting id="f95e8bf6-8caa-4911-a44a-56be7e676fd8fileName">SaveListStarterImages</con:setting>
  </con:settings>
  <con:parameters/>
  <con:method name="SaveListStarterImages" id="361b20b4-a747-42d8-959a-5867706206c1" method="POST">
    <con:settings/>
    <con:parameters/>
    <con:representation type="REQUEST">
      <con:mediaType>application/json</con:mediaType>
      <con:params/>
    </con:representation>
    <con:representation type="RESPONSE">
      <con:mediaType>application/json; charset=utf-8</con:mediaType>
      <con:status>200</con:status>
      <con:params/>
      <con:element>Response</con:element>
    </con:representation>
    <con:representation type="FAULT">
      <con:mediaType>application/json; charset=utf-8</con:mediaType>
      <con:status>500</con:status>
      <con:params/>
      <con:element xmlns:sav="https://func-liststarter-apis-qa.azurewebsites.net/api/Starters/SaveListStarterImages">sav:Fault</con:element>
    </con:representation>
    <con:request name="SaveListStarterImages" id="50581059-9381-4191-b645-d94bb4a4aad9" mediaType="application/json" postQueryString="false">
      <con:settings>
        <con:setting id="com.eviware.soapui.impl.wsdl.WsdlRequest@request-headers">&lt;xml-fragment/></con:setting>
      </con:settings>
      <con:endpoint>https://func-liststarter-apis-qa.azurewebsites.net</con:endpoint>
      <con:request>[\r
   {\r
      "listStarterID" : "c733c134-c764-44c8-8970-e2fcd2a2a703",\r
      "ListStarterImageID" : "c3938524-d8c5-41cc-ba83-e2b30e44274b",\r
      "ListStarterImageURL" : "https://www.winndixie.com/-/media/89DF4DEB05004DC19D153098D892097D.png",\r
      "isActive" : true\r
   },\r
   {\r
      "listStarterID" : "0d86341b-81ec-4d7d-bcc1-9017f3572336",\r
      "ListStarterImageID" : "1cc0f955-dfdd-4ce1-b22b-1a8cde33694a",\r
      "ListStarterImageURL" : "https://www.winndixie.com/-/media/89DF4DEB05004DC19D153098D892097D.png",\r
      "isActive" : true\r
   },\r
   {\r
      "listStarterID" : "47c02e1c-e399-446f-ac97-b026cf8ef1f0",\r
      "ListStarterImageID" : "c7e81f35-35ae-4e5a-8707-3fa1eff7a9e3",\r
      "ListStarterImageURL" : "https://www.winndixie.com/-/media/352DE9B254FE4D6AB6E399E9A15A0B88.png",\r
      "isActive" : true\r
   }\r
]</con:request>
      <con:originalUri>https://func-liststarter-apis-qa.azurewebsites.net/api/Starters/SaveListStarterImages</con:originalUri>
      <con:credentials>
        <con:selectedAuthProfile>No Authorization</con:selectedAuthProfile>
        <con:authType>No Authorization</con:authType>
      </con:credentials>
      <con:jmsConfig JMSDeliveryMode="PERSISTENT"/>
      <con:parameters/>
      <con:environmentSpec>
        <con:entry environmentId="9136d2f6-fe31-4d6b-9559-bc1799f0db03">
          <con:authProfile>Inherit From Parent</con:authProfile>
        </con:entry>
        <con:entry environmentId="b886b2c6-d71d-47e2-8a2f-3dd34e056f20">
          <con:authProfile>Inherit From Parent</con:authProfile>
        </con:entry>
      </con:environmentSpec>
    </con:request>
    <con:environmentSpec>
      <con:entry environmentId="9136d2f6-fe31-4d6b-9559-bc1799f0db03">
        <con:authProfile>Inherit From Parent</con:authProfile>
      </con:entry>
      <con:entry environmentId="b886b2c6-d71d-47e2-8a2f-3dd34e056f20">
        <con:authProfile>Inherit From Parent</con:authProfile>
      </con:entry>
    </con:environmentSpec>
  </con:method>
  <con:environmentSpec>
    <con:entry environmentId="9136d2f6-fe31-4d6b-9559-bc1799f0db03">
      <con:authProfile>Inherit From Parent</con:authProfile>
    </con:entry>
    <con:entry environmentId="b886b2c6-d71d-47e2-8a2f-3dd34e056f20">
      <con:authProfile>Inherit From Parent</con:authProfile>
    </con:entry>
  </con:environmentSpec>
</con:resource>
