<?xml version="1.0" encoding="UTF-8"?>
<con:resource name="SaveListStarterProducts" path="/Starters/SaveListStarterProducts" id="d60e5257-acb5-4f73-9259-4ca698b0bebd" xmlns:xsi="http://www.w3.org/2001/XMLSchema-instance" xmlns:con="http://eviware.com/soapui/config">
  <con:settings>
    <con:setting id="eb71af61-2c95-47d8-858f-2a363d006a60fileName">SaveListStarterProducts</con:setting>
    <con:setting id="d60e5257-acb5-4f73-9259-4ca698b0bebdfileName">SaveListStarterProducts</con:setting>
  </con:settings>
  <con:parameters/>
  <con:method name="SaveListStarterProducts" id="b7d5db96-944f-4061-bf4e-1204ffaaa8d3" method="POST">
    <con:settings/>
    <con:parameters/>
    <con:representation type="REQUEST">
      <con:mediaType>application/json</con:mediaType>
      <con:params/>
    </con:representation>
    <con:representation type="RESPONSE">
      <con:mediaType>application/json; charset=utf-8</con:mediaType>
      <con:status>200</con:status>
      <con:params/>
      <con:element>Response</con:element>
    </con:representation>
    <con:representation type="FAULT">
      <con:mediaType>application/json</con:mediaType>
      <con:status>404</con:status>
      <con:params/>
      <con:element xmlns:sav="https://func-liststarter-apis-qa.azurewebsites.net/api/Starters/SaveListStarterProducts">sav:Fault</con:element>
    </con:representation>
    <con:request name="SaveListStarterProducts" id="05b22a39-58a7-4df7-8980-eccc6bd89533" mediaType="application/json" postQueryString="false">
      <con:settings>
        <con:setting id="com.eviware.soapui.impl.wsdl.WsdlRequest@request-headers">&lt;xml-fragment/></con:setting>
      </con:settings>
      <con:endpoint>https://func-liststarter-apis-qa.azurewebsites.net</con:endpoint>
      <con:request>[\r
  {\r
    "listStarterID": "c733c134-c764-44c8-8970-e2fcd2a2a703",\r
    "ListStarterProductID": "9e227b37-0644-4acd-98cc-8a7dd9ec9e2f",\r
    "ListStarterWDCode": 854050,\r
    "ListStarterUPC": "29186600000",\r
    "ItemSeqNum": 1,\r
    "isActive": true\r
  },\r
  {\r
    "listStarterID": "c733c134-c764-44c8-8970-e2fcd2a2a703",\r
    "ListStarterProductID": "0db547a6-0e77-44ac-929e-b99a709df8a0",\r
    "ListStarterWDCode": 669882,\r
    "ListStarterUPC": "1583900731",\r
    "ItemSeqNum": 2,\r
    "isActive": true\r
  },\r
  {\r
    "listStarterID": "c733c134-c764-44c8-8970-e2fcd2a2a703",\r
    "ListStarterProductID": "ef0a1b75-c286-4273-ad19-4d0fca022bc0",\r
    "ListStarterWDCode": 223720,\r
    "ListStarterUPC": "4600027342",\r
    "ItemSeqNum": 3,\r
    "isActive": true\r
  },\r
  {\r
    "listStarterID": "c733c134-c764-44c8-8970-e2fcd2a2a703",\r
    "ListStarterProductID": "b9ccb445-e186-4e16-b80e-2c712d468aa6",\r
    "ListStarterWDCode": 628432,\r
    "ListStarterUPC": "2114003374",\r
    "ItemSeqNum": 4,\r
    "isActive": true\r
  },\r
  {\r
    "listStarterID": "c733c134-c764-44c8-8970-e2fcd2a2a703",\r
    "ListStarterProductID": "b2f36d82-09e9-4024-865e-2830ae705236",\r
    "ListStarterWDCode": 866607,\r
    "ListStarterUPC": "2068500267",\r
    "ItemSeqNum": 5,\r
    "isActive": true\r
  },\r
  {\r
    "listStarterID": "c733c134-c764-44c8-8970-e2fcd2a2a703",\r
    "ListStarterProductID": "eabdc947-b7d8-468f-acd5-359535d26abe",\r
    "ListStarterWDCode": 334770,\r
    "ListStarterUPC": "7143001065",\r
    "ItemSeqNum": 6,\r
    "isActive": true\r
  },\r
  {\r
    "listStarterID": "c733c134-c764-44c8-8970-e2fcd2a2a703",\r
    "ListStarterProductID": "454a2dc9-70ec-4baf-a4f1-a784cbf40717",\r
    "ListStarterWDCode": 340046,\r
    "ListStarterUPC": "5783602085",\r
    "ItemSeqNum": 7,\r
    "isActive": true\r
  },\r
  {\r
    "listStarterID": "c733c134-c764-44c8-8970-e2fcd2a2a703",\r
    "ListStarterProductID": "917c7748-a3da-42f2-ae80-a03a13f3fde6",\r
    "ListStarterWDCode": 221007,\r
    "ListStarterUPC": "4600028876",\r
    "ItemSeqNum": 8,\r
    "isActive": true\r
  },\r
  {\r
    "listStarterID": "c733c134-c764-44c8-8970-e2fcd2a2a703",\r
    "ListStarterProductID": "c7512264-5515-4c59-b9c8-bc2402aa1e82",\r
    "ListStarterWDCode": 698291,\r
    "ListStarterUPC": "2840052848",\r
    "ItemSeqNum": 9,\r
    "isActive": true\r
  },\r
  {\r
    "listStarterID": "c733c134-c764-44c8-8970-e2fcd2a2a703",\r
    "ListStarterProductID": "08b707fe-71f4-4104-9e30-06b2c4e1b197",\r
    "ListStarterWDCode": 216175,\r
    "ListStarterUPC": "7287843483",\r
    "ItemSeqNum": 10,\r
    "isActive": true\r
  },\r
  {\r
    "listStarterID": "c733c134-c764-44c8-8970-e2fcd2a2a703",\r
    "ListStarterProductID": "ac46b0ac-bcd5-45ad-b803-e0515f4065fd",\r
    "ListStarterWDCode": 205844,\r
    "ListStarterUPC": "4600082341",\r
    "ItemSeqNum": 11,\r
    "isActive": true\r
  },\r
  {\r
    "listStarterID": "c733c134-c764-44c8-8970-e2fcd2a2a703",\r
    "ListStarterProductID": "f0ce5e10-8218-4bf3-a262-f5da09a46f26",\r
    "ListStarterWDCode": 205848,\r
    "ListStarterUPC": "4600082131",\r
    "ItemSeqNum": 12,\r
    "isActive": true\r
  },\r
  {\r
    "listStarterID": "c733c134-c764-44c8-8970-e2fcd2a2a703",\r
    "ListStarterProductID": "a5f6af61-a0bb-4021-8205-d920de3e6761",\r
    "ListStarterWDCode": 339440,\r
    "ListStarterUPC": "3825911570",\r
    "ItemSeqNum": 13,\r
    "isActive": true\r
  }\r
,\r
  {\r
    "listStarterID": "0D86341B-81EC-4D7D-BCC1-9017F3572336",\r
    "ListStarterProductID": "b93f69b2-809a-40b3-983a-5a16e4f29a2b",\r
    "ListStarterWDCode": 864956,\r
    "ListStarterUPC": "",\r
    "ItemSeqNum": 1,\r
    "isActive": true\r
  },\r
  {\r
    "listStarterID": "0D86341B-81EC-4D7D-BCC1-9017F3572336",\r
    "ListStarterProductID": "6b7307d3-fa5d-4a2d-b122-13ea9ad6d4c2",\r
    "ListStarterWDCode": 225017,\r
    "ListStarterUPC": "",\r
    "ItemSeqNum": 2,\r
    "isActive": true\r
  },\r
  {\r
    "listStarterID": "0D86341B-81EC-4D7D-BCC1-9017F3572336",\r
    "ListStarterProductID": "74ee8815-7ba7-4d5d-a0ed-04b7450f2238",\r
    "ListStarterWDCode": 221529,\r
    "ListStarterUPC": "",\r
    "ItemSeqNum": 3,\r
    "isActive": true\r
  },\r
  {\r
    "listStarterID": "0D86341B-81EC-4D7D-BCC1-9017F3572336",\r
    "ListStarterProductID": "ffb45f43-4037-4929-a98d-40757cc5ff05",\r
    "ListStarterWDCode": 216448,\r
    "ListStarterUPC": "",\r
    "ItemSeqNum": 4,\r
    "isActive": true\r
  },\r
  {\r
    "listStarterID": "0D86341B-81EC-4D7D-BCC1-9017F3572336",\r
    "ListStarterProductID": "289414e1-bee7-4cde-a141-f43e10a1d9b5",\r
    "ListStarterWDCode": 246146,\r
    "ListStarterUPC": "",\r
    "ItemSeqNum": 5,\r
    "isActive": true\r
  },\r
  {\r
    "listStarterID": "0D86341B-81EC-4D7D-BCC1-9017F3572336",\r
    "ListStarterProductID": "b2d8caff-0aa7-439a-9d8e-f18c5563c731",\r
    "ListStarterWDCode": 203729,\r
    "ListStarterUPC": "",\r
    "ItemSeqNum": 6,\r
    "isActive": true\r
  },\r
  {\r
    "listStarterID": "0D86341B-81EC-4D7D-BCC1-9017F3572336",\r
    "ListStarterProductID": "dc8a9d56-6a32-483f-af9f-d1866e4dfed7",\r
    "ListStarterWDCode": 200051,\r
    "ListStarterUPC": "",\r
    "ItemSeqNum": 7,\r
    "isActive": true\r
  },\r
  {\r
    "listStarterID": "0D86341B-81EC-4D7D-BCC1-9017F3572336",\r
    "ListStarterProductID": "3cdde15e-6c84-4a6a-99af-0995868721ea",\r
    "ListStarterWDCode": 882332,\r
    "ListStarterUPC": "",\r
    "ItemSeqNum": 8,\r
    "isActive": true\r
  },\r
  {\r
    "listStarterID": "0D86341B-81EC-4D7D-BCC1-9017F3572336",\r
    "ListStarterProductID": "C7512264-5515-4C59-B9C8-BC2402AA1E82",\r
    "ListStarterWDCode": 333461,\r
    "ListStarterUPC": "",\r
    "ItemSeqNum": 9,\r
    "isActive": true\r
  },\r
  {\r
    "listStarterID": "0D86341B-81EC-4D7D-BCC1-9017F3572336",\r
    "ListStarterProductID": "4e42d745-6f25-47d7-969f-7b6178cf2ce4",\r
    "ListStarterWDCode": 340721,\r
    "ListStarterUPC": "",\r
    "ItemSeqNum": 10,\r
    "isActive": true\r
  },\r
  {\r
    "listStarterID": "0D86341B-81EC-4D7D-BCC1-9017F3572336",\r
    "ListStarterProductID": "dcd6916a-602c-4d86-a890-5c7d56254788",\r
    "ListStarterWDCode": 691512,\r
    "ListStarterUPC": "",\r
    "ItemSeqNum": 11,\r
    "isActive": true\r
  },\r
  {\r
    "listStarterID": "0D86341B-81EC-4D7D-BCC1-9017F3572336",\r
    "ListStarterProductID": "c855fde1-6f9c-47f5-9b84-6c9eac0872bd",\r
    "ListStarterWDCode": 690566,\r
    "ListStarterUPC": "",\r
    "ItemSeqNum": 12,\r
    "isActive": true\r
  },\r
  {\r
    "listStarterID": "0D86341B-81EC-4D7D-BCC1-9017F3572336",\r
    "ListStarterProductID": "cab35177-97ba-4a9e-93a1-e5f0700082f8",\r
    "ListStarterWDCode": 875794,\r
    "ListStarterUPC": "",\r
    "ItemSeqNum": 13,\r
    "isActive": true\r
  },\r
   {\r
    "listStarterID": "47C02E1C-E399-446F-AC97-B026CF8EF1F0",\r
    "ListStarterProductID": "8e227b37-0644-4acd-98cc-8a7dd9ec9e2f",\r
    "ListStarterWDCode": 864956,\r
    "ListStarterUPC": "",\r
    "ItemSeqNum": 1,\r
    "isActive": true\r
  },\r
  {\r
    "listStarterID": "47C02E1C-E399-446F-AC97-B026CF8EF1F0",\r
    "ListStarterProductID": "1db547a6-0e77-44ac-929e-b99a709df8a0",\r
    "ListStarterWDCode": 691490,\r
    "ListStarterUPC": "",\r
    "ItemSeqNum": 2,\r
    "isActive": true\r
  },\r
  {\r
    "listStarterID": "47C02E1C-E399-446F-AC97-B026CF8EF1F0",\r
    "ListStarterProductID": "ef0a2b75-c286-4273-ad19-4d0fca022bc0",\r
    "ListStarterWDCode": 451570,\r
    "ListStarterUPC": "",\r
    "ItemSeqNum": 3,\r
    "isActive": true\r
  },\r
  {\r
    "listStarterID": "47C02E1C-E399-446F-AC97-B026CF8EF1F0",\r
    "ListStarterProductID": "b8ccb445-e186-4e16-b80e-2c712d468aa6",\r
    "ListStarterWDCode": 647221,\r
    "ListStarterUPC": "",\r
    "ItemSeqNum": 4,\r
    "isActive": true\r
  },\r
  {\r
    "listStarterID": "47C02E1C-E399-446F-AC97-B026CF8EF1F0",\r
    "ListStarterProductID": "b1f36d82-09e9-4024-865e-2830ae705236",\r
    "ListStarterWDCode": 400364,\r
    "ListStarterUPC": "",\r
    "ItemSeqNum": 5,\r
    "isActive": true\r
  },\r
  {\r
    "listStarterID": "47C02E1C-E399-446F-AC97-B026CF8EF1F0",\r
    "ListStarterProductID": "eabdc957-b7d8-468f-acd5-359535d26abe",\r
    "ListStarterWDCode": 401030,\r
    "ListStarterUPC": "",\r
    "ItemSeqNum": 6,\r
    "isActive": true\r
  },\r
  {\r
    "listStarterID": "47C02E1C-E399-446F-AC97-B026CF8EF1F0",\r
    "ListStarterProductID": "464a2dc9-70ec-4baf-a4f1-a784cbf40717",\r
    "ListStarterWDCode": 435383,\r
    "ListStarterUPC": "",\r
    "ItemSeqNum": 7,\r
    "isActive": true\r
  },\r
  {\r
    "listStarterID": "47C02E1C-E399-446F-AC97-B026CF8EF1F0",\r
    "ListStarterProductID": "927c7748-a3da-42f2-ae80-a03a13f3fde6",\r
    "ListStarterWDCode": 691168,\r
    "ListStarterUPC": "",\r
    "ItemSeqNum": 8,\r
    "isActive": true\r
  },\r
  {\r
    "listStarterID": "47C02E1C-E399-446F-AC97-B026CF8EF1F0",\r
    "ListStarterProductID": "c8512264-5515-4c59-b9c8-bc2402aa1e82",\r
    "ListStarterWDCode": 334159,\r
    "ListStarterUPC": "",\r
    "ItemSeqNum": 9,\r
    "isActive": true\r
  },\r
  {\r
    "listStarterID": "47C02E1C-E399-446F-AC97-B026CF8EF1F0",\r
    "ListStarterProductID": "09b707fe-71f4-4104-9e30-06b2c4e1b197",\r
    "ListStarterWDCode": 401011,\r
    "ListStarterUPC": "",\r
    "ItemSeqNum": 10,\r
    "isActive": true\r
  },\r
  {\r
    "listStarterID": "47C02E1C-E399-446F-AC97-B026CF8EF1F0",\r
    "ListStarterProductID": "ac45b0ac-bcd5-45ad-b803-e0515f4065fd",\r
    "ListStarterWDCode": 938197,\r
    "ListStarterUPC": "",\r
    "ItemSeqNum": 11,\r
    "isActive": true\r
  },\r
  {\r
    "listStarterID": "47C02E1C-E399-446F-AC97-B026CF8EF1F0",\r
    "ListStarterProductID": "f0ce6e10-8218-4bf3-a262-f5da09a46f26",\r
    "ListStarterWDCode": 943631,\r
    "ListStarterUPC": "",\r
    "ItemSeqNum": 12,\r
    "isActive": true\r
  },\r
  {\r
    "listStarterID": "47C02E1C-E399-446F-AC97-B026CF8EF1F0",\r
    "ListStarterProductID": "a5f7af61-a0bb-4021-8205-d920de3e6761",\r
    "ListStarterWDCode": 863073,\r
    "ListStarterUPC": "",\r
    "ItemSeqNum": 13,\r
    "isActive": true\r
  }\r
]\r</con:request>
      <con:originalUri>https://func-liststarter-apis-qa.azurewebsites.net/api/Starters/SaveListStarterProducts</con:originalUri>
      <con:credentials>
        <con:selectedAuthProfile>No Authorization</con:selectedAuthProfile>
        <con:authType>No Authorization</con:authType>
      </con:credentials>
      <con:jmsConfig JMSDeliveryMode="PERSISTENT"/>
      <con:parameters/>
      <con:environmentSpec>
        <con:entry environmentId="9136d2f6-fe31-4d6b-9559-bc1799f0db03">
          <con:authProfile>Inherit From Parent</con:authProfile>
        </con:entry>
        <con:entry environmentId="b886b2c6-d71d-47e2-8a2f-3dd34e056f20">
          <con:authProfile>Inherit From Parent</con:authProfile>
        </con:entry>
      </con:environmentSpec>
    </con:request>
    <con:environmentSpec>
      <con:entry environmentId="9136d2f6-fe31-4d6b-9559-bc1799f0db03">
        <con:authProfile>Inherit From Parent</con:authProfile>
      </con:entry>
      <con:entry environmentId="b886b2c6-d71d-47e2-8a2f-3dd34e056f20">
        <con:authProfile>Inherit From Parent</con:authProfile>
      </con:entry>
    </con:environmentSpec>
  </con:method>
  <con:environmentSpec>
    <con:entry environmentId="9136d2f6-fe31-4d6b-9559-bc1799f0db03">
      <con:authProfile>Inherit From Parent</con:authProfile>
    </con:entry>
    <con:entry environmentId="b886b2c6-d71d-47e2-8a2f-3dd34e056f20">
      <con:authProfile>Inherit From Parent</con:authProfile>
    </con:entry>
  </con:environmentSpec>
</con:resource>
