<?xml version="1.0" encoding="UTF-8"?>
<con:resource name="SaveListStarterBanner" path="/Starters/SaveListStarterBanner" id="17eaa506-7270-4deb-92a7-000ec04d8278" xmlns:xsi="http://www.w3.org/2001/XMLSchema-instance" xmlns:con="http://eviware.com/soapui/config">
  <con:settings>
    <con:setting id="17eaa506-7270-4deb-92a7-000ec04d8278fileName">SaveListStarterBanner</con:setting>
  </con:settings>
  <con:parameters/>
  <con:method name="SaveListStarterBanner" id="13668b2d-afad-4bad-a290-e32b4feaedf2" method="POST">
    <con:settings/>
    <con:parameters/>
    <con:representation type="FAULT">
      <con:mediaType>application/json; charset=utf-8</con:mediaType>
      <con:status>500</con:status>
      <con:params/>
      <con:element xmlns:sav="https://func-liststarter-apis-qa.azurewebsites.net/api/Starters/SaveListStarterBanner">sav:Fault</con:element>
    </con:representation>
    <con:representation type="REQUEST">
      <con:mediaType>application/json</con:mediaType>
      <con:params/>
    </con:representation>
    <con:representation type="RESPONSE">
      <con:mediaType>application/json; charset=utf-8</con:mediaType>
      <con:status>200</con:status>
      <con:params/>
      <con:element>Response</con:element>
    </con:representation>
    <con:representation type="FAULT">
      <con:mediaType xsi:nil="true"/>
      <con:status>401</con:status>
      <con:params/>
      <con:element>data</con:element>
    </con:representation>
    <con:representation type="FAULT">
      <con:mediaType>application/json</con:mediaType>
      <con:status>401</con:status>
      <con:params/>
      <con:element xmlns:sav="https://func-liststarter-apis-qa.azurewebsites.net/api/Starters/SaveListStarterBanner">sav:Fault</con:element>
    </con:representation>
    <con:request name="SaveListStarterBanner" id="5f797104-9960-4716-9398-3f92969c2cc6" mediaType="application/json" postQueryString="false">
      <con:settings>
        <con:setting id="com.eviware.soapui.impl.wsdl.WsdlRequest@request-headers">&lt;entry key="Ocp-Apim-Subscription-Key" value="${#Project#key}" xmlns="http://eviware.com/soapui/config"/></con:setting>
      </con:settings>
      <con:endpoint>https://func-liststarter-apis-qa.azurewebsites.net</con:endpoint>
      <con:request>[\r
   {\r
      "listStarterID" : "c733c134-c764-44c8-8970-e2fcd2a2a703",\r
      "bannerID" : 1,\r
      "isActive" : true\r
   },\r
   {\r
      "listStarterID" : "0d86341b-81ec-4d7d-bcc1-9017f3572336",\r
      "bannerID" : 1,\r
      "isActive" : true\r
   },\r
   {\r
      "listStarterID" : "47c02e1c-e399-446f-ac97-b026cf8ef1f0",\r
      "bannerID" : 1,\r
      "isActive" : true\r
   }\r
]</con:request>
      <con:originalUri>https://func-liststarter-apis-qa.azurewebsites.net/api/Starters/SaveListStarterBanner</con:originalUri>
      <con:credentials>
        <con:selectedAuthProfile>No Authorization</con:selectedAuthProfile>
        <con:authType>No Authorization</con:authType>
      </con:credentials>
      <con:jmsConfig JMSDeliveryMode="PERSISTENT"/>
      <con:parameters/>
      <con:environmentSpec>
        <con:entry environmentId="9136d2f6-fe31-4d6b-9559-bc1799f0db03">
          <con:authProfile>Inherit From Parent</con:authProfile>
        </con:entry>
        <con:entry environmentId="b886b2c6-d71d-47e2-8a2f-3dd34e056f20">
          <con:authProfile>Inherit From Parent</con:authProfile>
        </con:entry>
      </con:environmentSpec>
    </con:request>
    <con:environmentSpec>
      <con:entry environmentId="9136d2f6-fe31-4d6b-9559-bc1799f0db03">
        <con:authProfile>Inherit From Parent</con:authProfile>
      </con:entry>
      <con:entry environmentId="b886b2c6-d71d-47e2-8a2f-3dd34e056f20">
        <con:authProfile>Inherit From Parent</con:authProfile>
      </con:entry>
    </con:environmentSpec>
  </con:method>
</con:resource>
