{
	"info": {
		"_postman_id": "04e48d06-9fd8-45ca-8b50-f06f5609c37a",
		"name": "ListStarters",
		"schema": "https://schema.getpostman.com/json/collection/v2.1.0/collection.json"
	},
	"item": [
		{
			"name": "GetListStarters",
			"request": {
				"method": "POST",
				"header": [
					{
						"key": "Ocp-Apim-Subscription-Key",
						"value": "c2bdb0112e534ba090f48a179f311f7f",
						"type": "text"
					}
				],
				"body": {
					"mode": "raw",
					"raw": "{\r\n    \"PaginationLimit\":0,\r\n    \"PaginationOffset\":0,\r\n    \"BannerID\": 1\r\n}\r\n",
					"options": {
						"raw": {
							"language": "json"
						}
					}
				},
				"url": {
					"raw": "https://qa-api.segrocers.com/Func-ListStarter-apis/Starters/GetListStarterProducts ",
					"protocol": "https",
					"host": [
						"qa-api",
						"segrocers",
						"com"
					],
					"path": [
						"Func-ListStarter-apis",
						"Starters",
						"GetListStarterProducts "
					]
				}
			},
			"response": []
		},
		{
			"name": "GetListStarterProducts",
			"request": {
				"method": "GET",
				"header": [
					{
						"key": "Ocp-Apim-Subscription-Key",
						"value": "c2bdb0112e534ba090f48a179f311f7f",
						"type": "text"
					}
				],
				"url": {
					"raw": "https://qa-api.segrocers.com/Func-ListStarter-apis/Starters/GetListStarterProducts?listStarterID=0d86341b-81ec-4d7d-bcc1-9017f3572336",
					"protocol": "https",
					"host": [
						"qa-api",
						"segrocers",
						"com"
					],
					"path": [
						"Func-ListStarter-apis",
						"Starters",
						"GetListStarterProducts"
					],
					"query": [
						{
							"key": "listStarterID",
							"value": "0d86341b-81ec-4d7d-bcc1-9017f3572336"
						}
					]
				}
			},
			"response": []
		},
		{
			"name": "SaveListStarterBanner",
			"request": {
				"method": "POST",
				"header": [],
				"body": {
					"mode": "raw",
					"raw": "[{\"listStarterID\":\"c733c134-c764-44c8-8970-e2fcd2a2a703\",\"bannerID\":1,\"isActive\":true},\r\n{\"listStarterID\":\"0d86341b-81ec-4d7d-bcc1-9017f3572336\",\"bannerID\":1,\"isActive\":true},\r\n{\"listStarterID\":\"47c02e1c-e399-446f-ac97-b026cf8ef1f0\",\"bannerID\":1,\"isActive\":true}\r\n]",
					"options": {
						"raw": {
							"language": "json"
						}
					}
				},
				"url": {
					"raw": "https://func-liststarter-apis-qa.azurewebsites.net/api/Starters/SaveListStarterBanner",
					"protocol": "https",
					"host": [
						"func-liststarter-apis-qa",
						"azurewebsites",
						"net"
					],
					"path": [
						"api",
						"Starters",
						"SaveListStarterBanner"
					]
				}
			},
			"response": []
		},
		{
			"name": "SaveListStarterImages",
			"request": {
				"method": "POST",
				"header": [],
				"body": {
					"mode": "raw",
					"raw": "[{\"listStarterID\":\"c733c134-c764-44c8-8970-e2fcd2a2a703\",\"ListStarterImageID\":\"c3938524-d8c5-41cc-ba83-e2b30e44274b\", \"ListStarterImageURL\": \"https://www.winndixie.com/-/media/89DF4DEB05004DC19D153098D892097D.png\" ,\"isActive\":true},\r\n{\"listStarterID\":\"0d86341b-81ec-4d7d-bcc1-9017f3572336\",\"ListStarterImageID\":\"1cc0f955-dfdd-4ce1-b22b-1a8cde33694a\", \"ListStarterImageURL\": \"https://www.winndixie.com/-/media/89DF4DEB05004DC19D153098D892097D.png\" ,\"isActive\":true},\r\n{\"listStarterID\":\"47c02e1c-e399-446f-ac97-b026cf8ef1f0\",\"ListStarterImageID\":\"c7e81f35-35ae-4e5a-8707-3fa1eff7a9e3\", \"ListStarterImageURL\": \"https://www.winndixie.com/-/media/352DE9B254FE4D6AB6E399E9A15A0B88.png\" ,\"isActive\":true}\r\n]",
					"options": {
						"raw": {
							"language": "json"
						}
					}
				},
				"url": {
					"raw": "https://func-liststarter-apis-qa.azurewebsites.net/api/Starters/SaveListStarterImages",
					"protocol": "https",
					"host": [
						"func-liststarter-apis-qa",
						"azurewebsites",
						"net"
					],
					"path": [
						"api",
						"Starters",
						"SaveListStarterImages"
					]
				}
			},
			"response": []
		},
		{
			"name": "SaveListStarterProducts",
			"request": {
				"method": "POST",
				"header": [],
				"body": {
					"mode": "raw",
					"raw": "[\r\n  {\r\n    \"listStarterID\": \"c733c134-c764-44c8-8970-e2fcd2a2a703\",\r\n    \"ListStarterProductID\": \"9e227b37-0644-4acd-98cc-8a7dd9ec9e2f\",\r\n    \"ListStarterWDCode\": 854050,\r\n    \"ListStarterUPC\": \"29186600000\",\r\n    \"ItemSeqNum\": 1,\r\n    \"isActive\": true\r\n  },\r\n  {\r\n    \"listStarterID\": \"c733c134-c764-44c8-8970-e2fcd2a2a703\",\r\n    \"ListStarterProductID\": \"0db547a6-0e77-44ac-929e-b99a709df8a0\",\r\n    \"ListStarterWDCode\": 669882,\r\n    \"ListStarterUPC\": \"1583900731\",\r\n    \"ItemSeqNum\": 2,\r\n    \"isActive\": true\r\n  },\r\n  {\r\n    \"listStarterID\": \"c733c134-c764-44c8-8970-e2fcd2a2a703\",\r\n    \"ListStarterProductID\": \"ef0a1b75-c286-4273-ad19-4d0fca022bc0\",\r\n    \"ListStarterWDCode\": 223720,\r\n    \"ListStarterUPC\": \"4600027342\",\r\n    \"ItemSeqNum\": 3,\r\n    \"isActive\": true\r\n  },\r\n  {\r\n    \"listStarterID\": \"c733c134-c764-44c8-8970-e2fcd2a2a703\",\r\n    \"ListStarterProductID\": \"b9ccb445-e186-4e16-b80e-2c712d468aa6\",\r\n    \"ListStarterWDCode\": 628432,\r\n    \"ListStarterUPC\": \"2114003374\",\r\n    \"ItemSeqNum\": 4,\r\n    \"isActive\": true\r\n  },\r\n  {\r\n    \"listStarterID\": \"c733c134-c764-44c8-8970-e2fcd2a2a703\",\r\n    \"ListStarterProductID\": \"b2f36d82-09e9-4024-865e-2830ae705236\",\r\n    \"ListStarterWDCode\": 866607,\r\n    \"ListStarterUPC\": \"2068500267\",\r\n    \"ItemSeqNum\": 5,\r\n    \"isActive\": true\r\n  },\r\n  {\r\n    \"listStarterID\": \"c733c134-c764-44c8-8970-e2fcd2a2a703\",\r\n    \"ListStarterProductID\": \"eabdc947-b7d8-468f-acd5-359535d26abe\",\r\n    \"ListStarterWDCode\": 334770,\r\n    \"ListStarterUPC\": \"7143001065\",\r\n    \"ItemSeqNum\": 6,\r\n    \"isActive\": true\r\n  },\r\n  {\r\n    \"listStarterID\": \"c733c134-c764-44c8-8970-e2fcd2a2a703\",\r\n    \"ListStarterProductID\": \"454a2dc9-70ec-4baf-a4f1-a784cbf40717\",\r\n    \"ListStarterWDCode\": 340046,\r\n    \"ListStarterUPC\": \"5783602085\",\r\n    \"ItemSeqNum\": 7,\r\n    \"isActive\": true\r\n  },\r\n  {\r\n    \"listStarterID\": \"c733c134-c764-44c8-8970-e2fcd2a2a703\",\r\n    \"ListStarterProductID\": \"917c7748-a3da-42f2-ae80-a03a13f3fde6\",\r\n    \"ListStarterWDCode\": 221007,\r\n    \"ListStarterUPC\": \"4600028876\",\r\n    \"ItemSeqNum\": 8,\r\n    \"isActive\": true\r\n  },\r\n  {\r\n    \"listStarterID\": \"c733c134-c764-44c8-8970-e2fcd2a2a703\",\r\n    \"ListStarterProductID\": \"c7512264-5515-4c59-b9c8-bc2402aa1e82\",\r\n    \"ListStarterWDCode\": 698291,\r\n    \"ListStarterUPC\": \"2840052848\",\r\n    \"ItemSeqNum\": 9,\r\n    \"isActive\": true\r\n  },\r\n  {\r\n    \"listStarterID\": \"c733c134-c764-44c8-8970-e2fcd2a2a703\",\r\n    \"ListStarterProductID\": \"08b707fe-71f4-4104-9e30-06b2c4e1b197\",\r\n    \"ListStarterWDCode\": 216175,\r\n    \"ListStarterUPC\": \"7287843483\",\r\n    \"ItemSeqNum\": 10,\r\n    \"isActive\": true\r\n  },\r\n  {\r\n    \"listStarterID\": \"c733c134-c764-44c8-8970-e2fcd2a2a703\",\r\n    \"ListStarterProductID\": \"ac46b0ac-bcd5-45ad-b803-e0515f4065fd\",\r\n    \"ListStarterWDCode\": 205844,\r\n    \"ListStarterUPC\": \"4600082341\",\r\n    \"ItemSeqNum\": 11,\r\n    \"isActive\": true\r\n  },\r\n  {\r\n    \"listStarterID\": \"c733c134-c764-44c8-8970-e2fcd2a2a703\",\r\n    \"ListStarterProductID\": \"f0ce5e10-8218-4bf3-a262-f5da09a46f26\",\r\n    \"ListStarterWDCode\": 205848,\r\n    \"ListStarterUPC\": \"4600082131\",\r\n    \"ItemSeqNum\": 12,\r\n    \"isActive\": true\r\n  },\r\n  {\r\n    \"listStarterID\": \"c733c134-c764-44c8-8970-e2fcd2a2a703\",\r\n    \"ListStarterProductID\": \"a5f6af61-a0bb-4021-8205-d920de3e6761\",\r\n    \"ListStarterWDCode\": 339440,\r\n    \"ListStarterUPC\": \"3825911570\",\r\n    \"ItemSeqNum\": 13,\r\n    \"isActive\": true\r\n  }\r\n,\r\n  {\r\n    \"listStarterID\": \"0D86341B-81EC-4D7D-BCC1-9017F3572336\",\r\n    \"ListStarterProductID\": \"b93f69b2-809a-40b3-983a-5a16e4f29a2b\",\r\n    \"ListStarterWDCode\": 864956,\r\n    \"ListStarterUPC\": \"\",\r\n    \"ItemSeqNum\": 1,\r\n    \"isActive\": true\r\n  },\r\n  {\r\n    \"listStarterID\": \"0D86341B-81EC-4D7D-BCC1-9017F3572336\",\r\n    \"ListStarterProductID\": \"6b7307d3-fa5d-4a2d-b122-13ea9ad6d4c2\",\r\n    \"ListStarterWDCode\": 225017,\r\n    \"ListStarterUPC\": \"\",\r\n    \"ItemSeqNum\": 2,\r\n    \"isActive\": true\r\n  },\r\n  {\r\n    \"listStarterID\": \"0D86341B-81EC-4D7D-BCC1-9017F3572336\",\r\n    \"ListStarterProductID\": \"74ee8815-7ba7-4d5d-a0ed-04b7450f2238\",\r\n    \"ListStarterWDCode\": 221529,\r\n    \"ListStarterUPC\": \"\",\r\n    \"ItemSeqNum\": 3,\r\n    \"isActive\": true\r\n  },\r\n  {\r\n    \"listStarterID\": \"0D86341B-81EC-4D7D-BCC1-9017F3572336\",\r\n    \"ListStarterProductID\": \"ffb45f43-4037-4929-a98d-40757cc5ff05\",\r\n    \"ListStarterWDCode\": 216448,\r\n    \"ListStarterUPC\": \"\",\r\n    \"ItemSeqNum\": 4,\r\n    \"isActive\": true\r\n  },\r\n  {\r\n    \"listStarterID\": \"0D86341B-81EC-4D7D-BCC1-9017F3572336\",\r\n    \"ListStarterProductID\": \"289414e1-bee7-4cde-a141-f43e10a1d9b5\",\r\n    \"ListStarterWDCode\": 246146,\r\n    \"ListStarterUPC\": \"\",\r\n    \"ItemSeqNum\": 5,\r\n    \"isActive\": true\r\n  },\r\n  {\r\n    \"listStarterID\": \"0D86341B-81EC-4D7D-BCC1-9017F3572336\",\r\n    \"ListStarterProductID\": \"b2d8caff-0aa7-439a-9d8e-f18c5563c731\",\r\n    \"ListStarterWDCode\": 203729,\r\n    \"ListStarterUPC\": \"\",\r\n    \"ItemSeqNum\": 6,\r\n    \"isActive\": true\r\n  },\r\n  {\r\n    \"listStarterID\": \"0D86341B-81EC-4D7D-BCC1-9017F3572336\",\r\n    \"ListStarterProductID\": \"dc8a9d56-6a32-483f-af9f-d1866e4dfed7\",\r\n    \"ListStarterWDCode\": 200051,\r\n    \"ListStarterUPC\": \"\",\r\n    \"ItemSeqNum\": 7,\r\n    \"isActive\": true\r\n  },\r\n  {\r\n    \"listStarterID\": \"0D86341B-81EC-4D7D-BCC1-9017F3572336\",\r\n    \"ListStarterProductID\": \"3cdde15e-6c84-4a6a-99af-0995868721ea\",\r\n    \"ListStarterWDCode\": 882332,\r\n    \"ListStarterUPC\": \"\",\r\n    \"ItemSeqNum\": 8,\r\n    \"isActive\": true\r\n  },\r\n  {\r\n    \"listStarterID\": \"0D86341B-81EC-4D7D-BCC1-9017F3572336\",\r\n    \"ListStarterProductID\": \"C7512264-5515-4C59-B9C8-BC2402AA1E82\",\r\n    \"ListStarterWDCode\": 333461,\r\n    \"ListStarterUPC\": \"\",\r\n    \"ItemSeqNum\": 9,\r\n    \"isActive\": true\r\n  },\r\n  {\r\n    \"listStarterID\": \"0D86341B-81EC-4D7D-BCC1-9017F3572336\",\r\n    \"ListStarterProductID\": \"4e42d745-6f25-47d7-969f-7b6178cf2ce4\",\r\n    \"ListStarterWDCode\": 340721,\r\n    \"ListStarterUPC\": \"\",\r\n    \"ItemSeqNum\": 10,\r\n    \"isActive\": true\r\n  },\r\n  {\r\n    \"listStarterID\": \"0D86341B-81EC-4D7D-BCC1-9017F3572336\",\r\n    \"ListStarterProductID\": \"dcd6916a-602c-4d86-a890-5c7d56254788\",\r\n    \"ListStarterWDCode\": 691512,\r\n    \"ListStarterUPC\": \"\",\r\n    \"ItemSeqNum\": 11,\r\n    \"isActive\": true\r\n  },\r\n  {\r\n    \"listStarterID\": \"0D86341B-81EC-4D7D-BCC1-9017F3572336\",\r\n    \"ListStarterProductID\": \"c855fde1-6f9c-47f5-9b84-6c9eac0872bd\",\r\n    \"ListStarterWDCode\": 690566,\r\n    \"ListStarterUPC\": \"\",\r\n    \"ItemSeqNum\": 12,\r\n    \"isActive\": true\r\n  },\r\n  {\r\n    \"listStarterID\": \"0D86341B-81EC-4D7D-BCC1-9017F3572336\",\r\n    \"ListStarterProductID\": \"cab35177-97ba-4a9e-93a1-e5f0700082f8\",\r\n    \"ListStarterWDCode\": 875794,\r\n    \"ListStarterUPC\": \"\",\r\n    \"ItemSeqNum\": 13,\r\n    \"isActive\": true\r\n  },\r\n   {\r\n    \"listStarterID\": \"47C02E1C-E399-446F-AC97-B026CF8EF1F0\",\r\n    \"ListStarterProductID\": \"8e227b37-0644-4acd-98cc-8a7dd9ec9e2f\",\r\n    \"ListStarterWDCode\": 864956,\r\n    \"ListStarterUPC\": \"\",\r\n    \"ItemSeqNum\": 1,\r\n    \"isActive\": true\r\n  },\r\n  {\r\n    \"listStarterID\": \"47C02E1C-E399-446F-AC97-B026CF8EF1F0\",\r\n    \"ListStarterProductID\": \"1db547a6-0e77-44ac-929e-b99a709df8a0\",\r\n    \"ListStarterWDCode\": 691490,\r\n    \"ListStarterUPC\": \"\",\r\n    \"ItemSeqNum\": 2,\r\n    \"isActive\": true\r\n  },\r\n  {\r\n    \"listStarterID\": \"47C02E1C-E399-446F-AC97-B026CF8EF1F0\",\r\n    \"ListStarterProductID\": \"ef0a2b75-c286-4273-ad19-4d0fca022bc0\",\r\n    \"ListStarterWDCode\": 451570,\r\n    \"ListStarterUPC\": \"\",\r\n    \"ItemSeqNum\": 3,\r\n    \"isActive\": true\r\n  },\r\n  {\r\n    \"listStarterID\": \"47C02E1C-E399-446F-AC97-B026CF8EF1F0\",\r\n    \"ListStarterProductID\": \"b8ccb445-e186-4e16-b80e-2c712d468aa6\",\r\n    \"ListStarterWDCode\": 647221,\r\n    \"ListStarterUPC\": \"\",\r\n    \"ItemSeqNum\": 4,\r\n    \"isActive\": true\r\n  },\r\n  {\r\n    \"listStarterID\": \"47C02E1C-E399-446F-AC97-B026CF8EF1F0\",\r\n    \"ListStarterProductID\": \"b1f36d82-09e9-4024-865e-2830ae705236\",\r\n    \"ListStarterWDCode\": 400364,\r\n    \"ListStarterUPC\": \"\",\r\n    \"ItemSeqNum\": 5,\r\n    \"isActive\": true\r\n  },\r\n  {\r\n    \"listStarterID\": \"47C02E1C-E399-446F-AC97-B026CF8EF1F0\",\r\n    \"ListStarterProductID\": \"eabdc957-b7d8-468f-acd5-359535d26abe\",\r\n    \"ListStarterWDCode\": 401030,\r\n    \"ListStarterUPC\": \"\",\r\n    \"ItemSeqNum\": 6,\r\n    \"isActive\": true\r\n  },\r\n  {\r\n    \"listStarterID\": \"47C02E1C-E399-446F-AC97-B026CF8EF1F0\",\r\n    \"ListStarterProductID\": \"464a2dc9-70ec-4baf-a4f1-a784cbf40717\",\r\n    \"ListStarterWDCode\": 435383,\r\n    \"ListStarterUPC\": \"\",\r\n    \"ItemSeqNum\": 7,\r\n    \"isActive\": true\r\n  },\r\n  {\r\n    \"listStarterID\": \"47C02E1C-E399-446F-AC97-B026CF8EF1F0\",\r\n    \"ListStarterProductID\": \"927c7748-a3da-42f2-ae80-a03a13f3fde6\",\r\n    \"ListStarterWDCode\": 691168,\r\n    \"ListStarterUPC\": \"\",\r\n    \"ItemSeqNum\": 8,\r\n    \"isActive\": true\r\n  },\r\n  {\r\n    \"listStarterID\": \"47C02E1C-E399-446F-AC97-B026CF8EF1F0\",\r\n    \"ListStarterProductID\": \"c8512264-5515-4c59-b9c8-bc2402aa1e82\",\r\n    \"ListStarterWDCode\": 334159,\r\n    \"ListStarterUPC\": \"\",\r\n    \"ItemSeqNum\": 9,\r\n    \"isActive\": true\r\n  },\r\n  {\r\n    \"listStarterID\": \"47C02E1C-E399-446F-AC97-B026CF8EF1F0\",\r\n    \"ListStarterProductID\": \"09b707fe-71f4-4104-9e30-06b2c4e1b197\",\r\n    \"ListStarterWDCode\": 401011,\r\n    \"ListStarterUPC\": \"\",\r\n    \"ItemSeqNum\": 10,\r\n    \"isActive\": true\r\n  },\r\n  {\r\n    \"listStarterID\": \"47C02E1C-E399-446F-AC97-B026CF8EF1F0\",\r\n    \"ListStarterProductID\": \"ac45b0ac-bcd5-45ad-b803-e0515f4065fd\",\r\n    \"ListStarterWDCode\": 938197,\r\n    \"ListStarterUPC\": \"\",\r\n    \"ItemSeqNum\": 11,\r\n    \"isActive\": true\r\n  },\r\n  {\r\n    \"listStarterID\": \"47C02E1C-E399-446F-AC97-B026CF8EF1F0\",\r\n    \"ListStarterProductID\": \"f0ce6e10-8218-4bf3-a262-f5da09a46f26\",\r\n    \"ListStarterWDCode\": 943631,\r\n    \"ListStarterUPC\": \"\",\r\n    \"ItemSeqNum\": 12,\r\n    \"isActive\": true\r\n  },\r\n  {\r\n    \"listStarterID\": \"47C02E1C-E399-446F-AC97-B026CF8EF1F0\",\r\n    \"ListStarterProductID\": \"a5f7af61-a0bb-4021-8205-d920de3e6761\",\r\n    \"ListStarterWDCode\": 863073,\r\n    \"ListStarterUPC\": \"\",\r\n    \"ItemSeqNum\": 13,\r\n    \"isActive\": true\r\n  }\r\n]\r\n  ",
					"options": {
						"raw": {
							"language": "json"
						}
					}
				},
				"url": {
					"raw": "https://func-liststarter-apis-qa.azurewebsites.net/api/Starters/SaveListStarterProducts",
					"protocol": "https",
					"host": [
						"func-liststarter-apis-qa",
						"azurewebsites",
						"net"
					],
					"path": [
						"api",
						"Starters",
						"SaveListStarterProducts"
					]
				}
			},
			"response": []
		},
		{
			"name": "SaveListStarters",
			"request": {
				"method": "POST",
				"header": [],
				"body": {
					"mode": "raw",
					"raw": "[\r\n  {\r\n    \"listStarterID\": \"c733c134-c764-44c8-8970-e2fcd2a2a703\",\r\n    \"ListStarterTitle\": \"Taco Tuesday\",\r\n    \"ListStarterSpanishTitle\": \"Martes de tacos\",\r\n    \"ListStarterSubTitle\": \"Fill your Tuesday with tacos & smiles!\",\r\n    \"ListStarterSpanishSubTitle\": \"¡Llena tu martes de tacos y sonrisas!\",\r\n    \"ListStarterDescription\": \"Head to the store now to grab all the fixin's needed for a declicious Tuesday! \",\r\n    \"ListStarterSpanishDescription\": \"¡Dirígete a la tienda ahora para tomar todas las dosis necesarias para un martes decisivo!\",\r\n    \"IsCarouselDisplay\": true,\r\n    \"isActive\": true\r\n  },\r\n  {\r\n    \"listStarterID\": \"47c02e1c-e399-446f-ac97-b026cf8ef1f0\",\r\n    \"ListStarterTitle\": \"Big Game Sunday\",\r\n    \"ListStarterSpanishTitle\": \"Domingo de Gran Juego\",\r\n    \"ListStarterSubTitle\": \"Our list will be a touchdown with your friends!\",\r\n    \"ListStarterSpanishSubTitle\": \"¡Nuestra lista será un touchdown con tus amigos!\",\r\n    \"ListStarterDescription\": \"Get ready to score some points with this epic shopping list filled with everything you need to cheer on the home team!\",\r\n    \"ListStarterSpanishDescription\": \"¡Prepárate para sumar algunos puntos con esta lista de compras épica llena de todo lo que necesitas para animar al equipo local!\",\r\n    \"IsCarouselDisplay\": true,\r\n    \"isActive\": true\r\n  }\r\n  ,\r\n  {\r\n    \"listStarterID\": \"0d86341b-81ec-4d7d-bcc1-9017f3572336\",\r\n    \"ListStarterTitle\": \"Picnic in the Park\",\r\n    \"ListStarterSpanishTitle\": \"Picnic en el Parque\",\r\n    \"ListStarterSubTitle\": \"Summer Deals means Summer Activities!\",\r\n    \"ListStarterSpanishSubTitle\": \"¡Ofertas de verano significa actividades de verano!\",\r\n    \"ListStarterDescription\": \"We made this list just for you! Even Yogi will be jealous of your picinic basket!\",\r\n    \"ListStarterSpanishDescription\": \"¡Hicimos esta lista solo para ti! ¡Incluso Yogi estará celoso de tu canasta de picnic!\",\r\n    \"IsCarouselDisplay\": true,\r\n    \"isActive\": true\r\n  }\r\n]",
					"options": {
						"raw": {
							"language": "json"
						}
					}
				},
				"url": {
					"raw": "https://func-liststarter-apis-qa.azurewebsites.net/api/Starters/SaveListStarters",
					"protocol": "https",
					"host": [
						"func-liststarter-apis-qa",
						"azurewebsites",
						"net"
					],
					"path": [
						"api",
						"Starters",
						"SaveListStarters"
					]
				}
			},
			"response": []
		}
	]
}